SIMULATION_NUMBER,TAG_COUNT,COLISION_SLOTS,EMPTY_SLOTS,SENT_BITS,SIMULATION_TIME
1,100,151,52,59072,0.007462263107299805
2,100,135,36,56704,0.006854534149169922
3,100,138,39,56384,0.006583690643310547
4,100,154,55,58368,0.007248878479003906
5,100,132,33,55296,0.0066454410552978516
6,100,149,50,58432,0.008064031600952148
7,100,147,48,58304,0.0070307254791259766
8,100,142,43,56960,0.00680088996887207
9,100,132,33,56832,0.006287813186645508
10,100,134,35,56064,0.006396770477294922
11,100,160,61,58816,0.00762176513671875
12,100,129,30,55488,0.006076812744140625
13,100,165,66,60480,0.0075495243072509766
14,100,144,45,57920,0.006591796875
15,100,143,44,56704,0.006578207015991211
16,100,145,46,57472,0.0071086883544921875
17,100,135,36,56064,0.006299734115600586
18,100,126,27,55936,0.00615692138671875
19,100,136,37,55872,0.006459712982177734
20,100,147,48,58560,0.006863117218017578
21,100,138,39,56640,0.006476402282714844
22,100,155,56,59840,0.007061481475830078
23,100,141,42,57344,0.006768465042114258
24,100,143,44,57856,0.00661468505859375
25,100,149,50,57536,0.006810188293457031
26,100,150,51,58688,0.006929159164428711
27,100,151,52,58048,0.006936550140380859
28,100,132,33,56576,0.006185770034790039
29,100,137,38,56640,0.00659632682800293
30,100,140,41,56512,0.007451057434082031
31,100,143,44,58496,0.0069026947021484375
32,100,147,48,58240,0.006890773773193359
33,100,139,40,56832,0.006458282470703125
34,100,154,55,59648,0.007030963897705078
35,100,132,33,55872,0.006062984466552734
36,100,138,39,56384,0.0066165924072265625
37,100,135,36,57088,0.0062313079833984375
38,100,150,51,58112,0.0068929195404052734
39,100,148,49,58240,0.006694793701171875
40,100,150,51,58368,0.0070002079010009766
41,100,147,48,57600,0.006603717803955078
42,100,148,49,57536,0.006860494613647461
43,100,167,68,60544,0.007620334625244141
44,100,145,46,57152,0.0068132877349853516
45,100,154,55,59392,0.007070302963256836
46,100,137,38,56064,0.006636619567871094
47,100,137,38,56896,0.0062983036041259766
48,100,154,55,58624,0.0071201324462890625
49,100,151,52,57856,0.006791830062866211
50,100,143,44,57728,0.006696939468383789
51,100,130,31,55296,0.0060024261474609375
52,100,134,35,56128,0.006265878677368164
53,100,139,40,58112,0.00628662109375
54,100,134,35,56192,0.006229400634765625
55,100,139,40,56896,0.006310939788818359
56,100,127,28,54720,0.005818367004394531
57,100,132,33,55424,0.006506443023681641
58,100,141,42,57792,0.008997917175292969
59,100,134,35,55936,0.006268978118896484
60,100,133,34,55552,0.0062334537506103516
61,100,139,40,56064,0.0065648555755615234
62,100,150,51,58368,0.006949901580810547
63,100,148,49,57792,0.006941318511962891
64,100,147,48,57280,0.007147789001464844
65,100,147,48,57984,0.006924152374267578
66,100,142,43,56768,0.006486415863037109
67,100,139,40,57472,0.006409883499145508
68,100,146,47,57856,0.006837368011474609
69,100,143,44,56832,0.006477832794189453
70,100,138,39,57472,0.006421566009521484
71,100,141,42,58304,0.006605386734008789
72,100,131,32,55936,0.007068634033203125
73,100,151,52,58176,0.006929874420166016
74,100,158,59,58560,0.007222652435302734
75,100,131,32,56192,0.0062487125396728516
76,100,146,47,57728,0.0071642398834228516
77,100,132,33,56064,0.0061419010162353516
78,100,139,40,55936,0.0064046382904052734
79,100,144,45,57728,0.006755828857421875
80,100,141,42,56832,0.0066928863525390625
81,100,153,54,58688,0.006958484649658203
82,100,134,35,55488,0.006517887115478516
83,100,138,39,56256,0.006295680999755859
84,100,132,33,55040,0.006378650665283203
85,100,135,36,57152,0.006186723709106445
86,100,135,36,56384,0.007170438766479492
87,100,147,48,57152,0.007039785385131836
88,100,139,40,56576,0.0064280033111572266
89,100,142,43,56960,0.006493568420410156
90,100,151,52,57920,0.006968021392822266
91,100,127,28,55168,0.005845069885253906
92,100,149,50,59200,0.006902456283569336
93,100,143,44,56768,0.00654292106628418
94,100,131,32,55424,0.006073474884033203
95,100,150,51,58432,0.007646083831787109
96,100,149,50,58752,0.006878852844238281
97,100,149,50,57600,0.007063627243041992
98,100,131,32,56320,0.006087779998779297
99,100,142,43,57536,0.00667881965637207
100,100,151,52,58496,0.008477449417114258
1,200,310,111,131200,0.026520967483520508
2,200,286,87,127808,0.024200439453125
3,200,299,100,128000,0.025376081466674805
4,200,292,93,128512,0.024627685546875
5,200,275,76,125120,0.024387121200561523
6,200,283,84,127168,0.024277687072753906
7,200,280,81,126976,0.02461099624633789
8,200,298,99,128320,0.025505781173706055
9,200,256,57,123456,0.02577829360961914
10,200,265,66,124096,0.02271890640258789
11,200,287,88,127552,0.025369644165039062
12,200,281,82,125248,0.024264097213745117
13,200,279,80,125504,0.02379322052001953
14,200,272,73,126336,0.02622818946838379
15,200,282,83,127424,0.02447819709777832
16,200,308,109,130688,0.02619647979736328
17,200,285,86,126592,0.024651765823364258
18,200,303,104,129472,0.029149770736694336
19,200,288,89,126848,0.02520918846130371
20,200,277,78,125312,0.023686885833740234
21,200,282,83,126656,0.024501562118530273
22,200,290,91,128768,0.025171995162963867
23,200,296,97,128704,0.02878284454345703
24,200,298,99,128832,0.025637388229370117
25,200,284,85,126912,0.024677038192749023
26,200,290,91,129280,0.02461385726928711
27,200,265,66,124736,0.024528026580810547
28,200,290,91,127040,0.024997234344482422
29,200,288,89,128576,0.024475574493408203
30,200,320,121,130944,0.028866291046142578
31,200,291,92,127744,0.02440953254699707
32,200,284,85,127360,0.024679183959960938
33,200,272,73,125376,0.02332592010498047
34,200,275,76,125248,0.023330211639404297
35,200,280,81,125440,0.024346113204956055
36,200,292,93,128640,0.02713751792907715
37,200,307,108,129792,0.026487350463867188
38,200,299,100,128384,0.025162220001220703
39,200,280,81,126400,0.025205373764038086
40,200,268,69,126208,0.022714614868164062
41,200,274,75,126208,0.025869369506835938
42,200,280,81,126976,0.023714065551757812
43,200,282,83,126080,0.02382349967956543
44,200,313,114,132096,0.026682376861572266
45,200,285,86,127360,0.027838945388793945
46,200,311,112,131904,0.027168750762939453
47,200,308,109,129344,0.026279211044311523
48,200,303,104,129728,0.02602410316467285
49,200,315,116,130560,0.029746294021606445
50,200,281,82,126848,0.023827075958251953
51,200,284,85,127104,0.023730754852294922
52,200,297,98,128064,0.026736021041870117
53,200,287,88,126528,0.024042129516601562
54,200,270,71,125504,0.025196075439453125
55,200,282,83,125824,0.023819684982299805
56,200,292,93,128064,0.025085926055908203
57,200,286,87,127616,0.024327516555786133
58,200,302,103,129088,0.026590347290039062
59,200,290,91,128320,0.024126052856445312
60,200,300,101,128192,0.025293588638305664
61,200,271,72,125952,0.022795438766479492
62,200,293,94,128896,0.024666786193847656
63,200,272,73,125056,0.025631189346313477
64,200,324,125,132736,0.02693772315979004
65,200,313,114,130304,0.027092933654785156
66,200,276,77,126208,0.023160934448242188
67,200,291,92,129600,0.025769948959350586
68,200,280,81,126912,0.022989988327026367
69,200,294,95,128640,0.02451634407043457
70,200,273,74,124864,0.02381443977355957
71,200,282,83,127744,0.02397465705871582
72,200,288,89,126976,0.0278623104095459
73,200,262,63,124288,0.02229595184326172
74,200,292,93,129792,0.025386333465576172
75,200,297,98,128000,0.025455713272094727
76,200,312,113,129664,0.029986143112182617
77,200,285,86,127488,0.024313926696777344
78,200,285,86,126528,0.02429032325744629
79,200,292,93,128960,0.024663925170898438
80,200,275,76,125760,0.0241546630859375
81,200,306,107,131328,0.029441118240356445
82,200,296,97,128832,0.02543497085571289
83,200,261,62,123392,0.02210259437561035
84,200,282,83,127040,0.024453163146972656
85,200,307,108,130752,0.02677607536315918
86,200,273,74,126400,0.022840261459350586
87,200,282,83,126592,0.024469375610351562
88,200,272,73,125824,0.02241969108581543
89,200,295,96,128448,0.02496623992919922
90,200,297,98,130112,0.02844548225402832
91,200,263,64,124608,0.023333072662353516
92,200,284,85,126976,0.024717092514038086
93,200,291,92,129024,0.024847030639648438
94,200,285,86,127872,0.02483367919921875
95,200,282,83,127872,0.026668310165405273
96,200,286,87,127360,0.023724794387817383
97,200,271,72,125696,0.023859500885009766
98,200,269,70,124928,0.022346019744873047
99,200,318,119,130368,0.028696060180664062
100,200,281,82,125696,0.02307724952697754
1,300,407,108,200320,0.050043344497680664
2,300,444,145,204736,0.05549812316894531
3,300,438,139,204608,0.05622553825378418
4,300,419,120,200192,0.05112123489379883
5,300,436,137,204032,0.05319523811340332
6,300,395,96,197056,0.04828667640686035
7,300,440,141,203712,0.05756950378417969
8,300,457,158,205952,0.057135581970214844
9,300,408,109,200512,0.05051088333129883
10,300,438,139,203072,0.05559873580932617
11,300,453,154,206336,0.05637025833129883
12,300,472,173,206976,0.05962562561035156
13,300,459,160,205248,0.061334848403930664
14,300,446,147,205376,0.0556797981262207
15,300,431,132,202368,0.055866241455078125
16,300,416,117,200448,0.05154156684875488
17,300,424,125,201152,0.05359649658203125
18,300,470,171,207296,0.059084415435791016
19,300,402,103,198208,0.05222678184509277
20,300,444,145,204160,0.059179067611694336
21,300,441,142,204352,0.05667924880981445
22,300,441,142,204352,0.05381512641906738
23,300,438,139,201984,0.05695652961730957
24,300,431,132,202560,0.05349421501159668
25,300,427,128,202176,0.05629110336303711
26,300,437,138,204224,0.05501580238342285
27,300,452,153,204672,0.057137489318847656
28,300,459,160,206144,0.05568838119506836
29,300,436,137,203200,0.05519270896911621
30,300,455,156,206080,0.05729317665100098
31,300,433,134,203200,0.05313920974731445
32,300,426,127,202560,0.0523068904876709
33,300,433,134,202880,0.05395317077636719
34,300,428,129,202240,0.05459856986999512
35,300,417,118,199680,0.051482439041137695
36,300,432,133,203392,0.05408501625061035
37,300,423,124,202112,0.0524439811706543
38,300,432,133,203776,0.054605722427368164
39,300,445,146,204160,0.05710768699645996
40,300,444,145,203008,0.05640125274658203
41,300,458,159,207168,0.05777287483215332
42,300,449,150,204608,0.0566248893737793
43,300,451,152,204480,0.056273460388183594
44,300,400,101,197696,0.050965309143066406
45,300,451,152,205760,0.05650138854980469
46,300,439,140,202496,0.054845333099365234
47,300,454,155,205760,0.056458234786987305
48,300,428,129,202816,0.051935672760009766
49,300,437,138,203584,0.05335569381713867
50,300,442,143,203968,0.056935787200927734
51,300,424,125,200832,0.05290865898132324
52,300,437,138,204224,0.0558466911315918
53,300,419,120,200064,0.05284523963928223
54,300,410,111,199808,0.05085301399230957
55,300,420,121,201408,0.05357527732849121
56,300,428,129,203456,0.0544281005859375
57,300,422,123,202240,0.05352973937988281
58,300,418,119,201536,0.052347660064697266
59,300,450,151,204608,0.05914449691772461
60,300,429,130,203776,0.05321168899536133
61,300,410,111,199488,0.05452466011047363
62,300,443,144,203520,0.056527137756347656
63,300,441,142,204160,0.05739164352416992
64,300,455,156,204928,0.057860612869262695
65,300,410,111,200192,0.05268692970275879
66,300,448,149,205568,0.05991816520690918
67,300,444,145,204160,0.05575156211853027
68,300,441,142,205504,0.055735111236572266
69,300,425,126,201472,0.05276131629943848
70,300,417,118,200704,0.05260825157165527
71,300,437,138,203008,0.06689739227294922
72,300,415,116,198144,0.0522918701171875
73,300,410,111,199040,0.05172276496887207
74,300,413,114,200256,0.0517575740814209
75,300,449,150,203840,0.05944371223449707
76,300,440,141,204224,0.054466962814331055
77,300,426,127,203776,0.05380702018737793
78,300,428,129,201280,0.05305814743041992
79,300,417,118,200128,0.05209040641784668
80,300,446,147,203840,0.05559802055358887
81,300,425,126,202624,0.054109811782836914
82,300,476,177,209152,0.060971736907958984
83,300,422,123,200832,0.05280780792236328
84,300,448,149,205248,0.056848764419555664
85,300,442,143,205056,0.055525779724121094
86,300,436,137,203328,0.056159257888793945
87,300,411,112,200064,0.05103921890258789
88,300,455,156,207424,0.055882930755615234
89,300,432,133,201920,0.05590939521789551
90,300,433,134,203776,0.05457425117492676
91,300,459,160,205760,0.056328773498535156
92,300,432,133,203008,0.0530087947845459
93,300,436,137,204032,0.05635404586791992
94,300,440,141,203520,0.05640387535095215
95,300,429,130,202752,0.05385255813598633
96,300,442,143,203712,0.056414127349853516
97,300,422,123,201856,0.05382275581359863
98,300,408,109,199872,0.05113816261291504
99,300,405,106,199488,0.05069446563720703
100,300,426,127,200768,0.054991722106933594
1,400,590,191,283776,0.107513427734375
2,400,607,208,284032,0.10646963119506836
3,400,571,172,279936,0.09808015823364258
4,400,560,161,279040,0.0978243350982666
5,400,561,162,279104,0.09368157386779785
6,400,576,177,280192,0.10189580917358398
7,400,560,161,278592,0.0928494930267334
8,400,537,138,274688,0.09819722175598145
9,400,519,120,273984,0.08745694160461426
10,400,588,189,282112,0.10326027870178223
11,400,558,159,276992,0.09127235412597656
12,400,597,198,283392,0.10930848121643066
13,400,574,175,280128,0.09708023071289062
14,400,614,215,286592,0.10753607749938965
15,400,540,141,277248,0.09009432792663574
16,400,570,171,280320,0.1006925106048584
17,400,580,181,282816,0.0959310531616211
18,400,550,151,276992,0.09995746612548828
19,400,552,153,275712,0.09263253211975098
20,400,586,187,281856,0.10417866706848145
21,400,581,182,280896,0.09463906288146973
22,400,591,192,283328,0.10937929153442383
23,400,587,188,282624,0.09855866432189941
24,400,565,166,280640,0.09981751441955566
25,400,559,160,280000,0.09255623817443848
26,400,552,153,277952,0.10116457939147949
27,400,561,162,280320,0.09181928634643555
28,400,577,178,280512,0.1067652702331543
29,400,562,163,278592,0.09443521499633789
30,400,599,200,282816,0.10537886619567871
31,400,613,214,285824,0.10231423377990723
32,400,543,144,276992,0.09436488151550293
33,400,551,152,277952,0.09193563461303711
34,400,559,160,279616,0.09974074363708496
35,400,565,166,279488,0.09378433227539062
36,400,603,204,284608,0.10872912406921387
37,400,589,190,283392,0.09885597229003906
38,400,578,179,281664,0.10242819786071777
39,400,581,182,283264,0.09554791450500488
40,400,563,164,278976,0.10229277610778809
41,400,554,155,279040,0.0954277515411377
42,400,575,176,280896,0.10243844985961914
43,400,603,204,284096,0.10290098190307617
44,400,572,173,281280,0.10204029083251953
45,400,596,197,284224,0.10323596000671387
46,400,575,176,280256,0.09842896461486816
47,400,590,191,281792,0.10399508476257324
48,400,566,167,279104,0.0965111255645752
49,400,570,171,280000,0.09959840774536133
50,400,633,234,287680,0.10719919204711914
51,400,571,172,281088,0.09669923782348633
52,400,596,197,284608,0.10485315322875977
53,400,572,173,280576,0.09789395332336426
54,400,562,163,280832,0.09949731826782227
55,400,560,161,279232,0.09452080726623535
56,400,562,163,278272,0.09803557395935059
57,400,596,197,285760,0.10034775733947754
58,400,552,153,277120,0.0953373908996582
59,400,575,176,279872,0.10151910781860352
60,400,577,178,281344,0.0959787368774414
61,400,605,206,283584,0.10400271415710449
62,400,575,176,282368,0.09576153755187988
63,400,561,162,278400,0.09446048736572266
64,400,570,171,281536,0.0980691909790039
65,400,565,166,277952,0.09930706024169922
66,400,574,175,280832,0.0976259708404541
67,400,585,186,281280,0.10051965713500977
68,400,575,176,281920,0.09540510177612305
69,400,571,172,280832,0.09931349754333496
70,400,609,210,284544,0.10499334335327148
71,400,558,159,278464,0.09548735618591309
72,400,613,214,287168,0.10733604431152344
73,400,574,175,282112,0.09796929359436035
74,400,562,163,277952,0.09797525405883789
75,400,602,203,284864,0.12911748886108398
76,400,561,162,278464,0.2556633949279785
77,400,580,181,281984,0.09600520133972168
78,400,591,192,283328,0.10577178001403809
79,400,561,162,278464,0.09637451171875
80,400,556,157,277440,0.09748673439025879
81,400,573,174,281280,0.09581184387207031
82,400,619,220,286016,0.11028742790222168
83,400,591,192,284032,0.09776926040649414
84,400,579,180,282816,0.10299324989318848
85,400,581,182,281152,0.0985708236694336
86,400,600,201,281792,0.10501408576965332
87,400,566,167,279104,0.09327411651611328
88,400,565,166,280256,0.10223031044006348
89,400,600,201,283904,0.09955191612243652
90,400,597,198,284224,0.10676336288452148
91,400,552,153,275712,0.09294772148132324
92,400,562,163,279552,0.1022498607635498
93,400,589,190,283392,0.09976339340209961
94,400,551,152,276480,0.09865856170654297
95,400,587,188,283200,0.09665799140930176
96,400,569,170,280896,0.09860515594482422
97,400,547,148,276928,0.09078097343444824
98,400,583,184,281216,0.10050606727600098
99,400,583,184,281088,0.09731197357177734
100,400,555,156,277568,0.09578537940979004
1,500,712,213,360320,0.1455681324005127
2,500,734,235,365760,0.15380048751831055
3,500,716,217,362240,0.14708733558654785
4,500,716,217,359552,0.14667034149169922
5,500,724,225,362240,0.15135622024536133
6,500,762,263,366656,0.15837359428405762
7,500,736,237,362368,0.15351247787475586
8,500,693,194,356864,0.14943647384643555
9,500,721,222,362112,0.14937376976013184
10,500,698,199,356608,0.14891934394836426
11,500,741,242,363648,0.15660572052001953
12,500,729,230,363072,0.15091943740844727
13,500,718,219,361088,0.14898037910461426
14,500,726,227,362240,0.14960217475891113
15,500,718,219,360640,0.14727210998535156
16,500,737,238,364800,0.15241169929504395
17,500,722,223,360128,0.14856791496276855
18,500,725,226,363456,0.15012335777282715
19,500,725,226,361088,0.15282368659973145
20,500,722,223,362112,0.15136218070983887
21,500,685,186,355136,0.14334702491760254
22,500,726,227,361664,0.15295624732971191
23,500,761,262,367232,0.16171526908874512
24,500,676,177,354176,0.1428689956665039
25,500,697,198,358272,0.152069091796875
26,500,712,213,359936,0.1465315818786621
27,500,737,238,363136,0.15378952026367188
28,500,707,208,359552,0.14792561531066895
29,500,715,216,360064,0.15149331092834473
30,500,682,183,355904,0.13841867446899414
31,500,705,206,357248,0.15078115463256836
32,500,707,208,359680,0.1485905647277832
33,500,721,222,361856,0.15347909927368164
34,500,722,223,361280,0.15741610527038574
35,500,732,233,363968,0.15466642379760742
36,500,720,221,362048,0.15592312812805176
37,500,714,215,360192,0.14758586883544922
38,500,774,275,368256,0.16284394264221191
39,500,735,236,364480,0.15574049949645996
40,500,688,189,355008,0.14343500137329102
41,500,713,214,361408,0.15472841262817383
42,500,680,181,356288,0.14178133010864258
43,500,729,230,364416,0.1549062728881836
44,500,765,266,367936,0.1559281349182129
45,500,716,217,360832,0.14721035957336426
46,500,729,230,360000,0.15207910537719727
47,500,749,250,364352,0.15826010704040527
48,500,700,201,359808,0.1497511863708496
49,500,707,208,361536,0.14987754821777344
50,500,744,245,362176,0.1582655906677246
51,500,704,205,359168,0.1528642177581787
52,500,708,209,360256,0.15044641494750977
53,500,761,262,366912,0.1597752571105957
54,500,749,250,365120,0.15859770774841309
55,500,732,233,364672,0.15887117385864258
56,500,728,229,361280,0.1576981544494629
57,500,728,229,361344,0.15366864204406738
58,500,706,207,359936,0.15121912956237793
59,500,705,206,359296,0.15114498138427734
60,500,721,222,360896,0.16254115104675293
61,500,734,235,361664,0.17090630531311035
62,500,735,236,363200,0.15931963920593262
63,500,745,246,364160,0.16348648071289062
64,500,714,215,360256,0.15756654739379883
65,500,706,207,359360,0.15837883949279785
66,500,709,210,360256,0.1636340618133545
67,500,710,211,359232,0.15865349769592285
68,500,704,205,358208,0.1591968536376953
69,500,707,208,359424,0.16260337829589844
70,500,764,265,366528,0.17429137229919434
71,500,709,210,359744,0.1597888469696045
72,500,729,230,362560,0.17471981048583984
73,500,716,217,360960,0.15868663787841797
74,500,720,221,361280,0.16327118873596191
75,500,730,231,363136,0.16211485862731934
76,500,725,226,361728,0.16702651977539062
77,500,717,218,359168,0.15892624855041504
78,500,762,263,365056,0.1672806739807129
79,500,727,228,362048,0.15463471412658691
80,500,694,195,357632,0.14583086967468262
81,500,725,226,364096,0.1547842025756836
82,500,757,258,365696,0.16204571723937988
83,500,735,236,363648,0.15215778350830078
84,500,738,239,363136,0.15581488609313965
85,500,740,241,364672,0.15549969673156738
86,500,718,219,363904,0.15089106559753418
87,500,700,201,358144,0.14878225326538086
88,500,695,196,358080,0.1451408863067627
89,500,691,192,358592,0.1448841094970703
90,500,720,221,359616,0.1503756046295166
91,500,712,213,360384,0.15174221992492676
92,500,712,213,358272,0.1491074562072754
93,500,682,183,356672,0.14514541625976562
94,500,729,230,363072,0.15238571166992188
95,500,748,249,363648,0.1587998867034912
96,500,751,252,366272,0.15833282470703125
97,500,708,209,357888,0.15184712409973145
98,500,717,218,362176,0.14951586723327637
99,500,737,238,364928,0.1549837589263916
100,500,743,244,364800,0.1560194492340088
1,600,880,281,444928,0.2278423309326172
2,600,871,272,446336,0.2271726131439209
3,600,905,306,449152,0.23229360580444336
4,600,863,264,443456,0.22511768341064453
5,600,897,298,446592,0.23252439498901367
6,600,851,252,443968,0.2145383358001709
7,600,876,277,445184,0.22834181785583496
8,600,903,304,453440,0.23212838172912598
9,600,863,264,443392,0.22435355186462402
10,600,879,280,445184,0.2285468578338623
11,600,839,240,441792,0.2292463779449463
12,600,850,251,444544,0.22597742080688477
13,600,868,269,442752,0.218658447265625
14,600,864,265,443840,0.2237231731414795
15,600,857,258,443712,0.2190561294555664
16,600,909,310,450752,0.23218393325805664
17,600,866,267,445056,0.22266268730163574
18,600,868,269,445056,0.22162079811096191
19,600,874,275,445376,0.22678232192993164
20,600,872,273,443584,0.22582554817199707
21,600,874,275,443392,0.22089838981628418
22,600,873,274,443712,0.22707200050354004
23,600,868,269,445120,0.22362351417541504
24,600,890,291,448448,0.23580646514892578
25,600,918,319,449152,0.2393016815185547
26,600,852,253,442944,0.21796011924743652
27,600,858,259,441920,0.21889305114746094
28,600,861,262,441344,0.21846580505371094
29,600,907,308,450112,0.24216485023498535
30,600,866,267,444288,0.21865010261535645
31,600,852,253,440192,0.21652841567993164
32,600,900,301,450816,0.22865629196166992
33,600,840,241,441920,0.21153569221496582
34,600,878,279,444032,0.2317676544189453
35,600,883,284,445376,0.2267301082611084
36,600,886,287,447616,0.22229337692260742
37,600,869,270,441728,0.22022056579589844
38,600,849,250,441664,0.21202993392944336
39,600,860,261,445120,0.225724458694458
40,600,858,259,443072,0.21793079376220703
41,600,878,279,446144,0.21848511695861816
42,600,907,308,450944,0.23017048835754395
43,600,826,227,439232,0.2154245376586914
44,600,885,286,446464,0.2267293930053711
45,600,871,272,442304,0.2196962833404541
46,600,847,248,441920,0.21436619758605957
47,600,861,262,441920,0.21861743927001953
48,600,881,282,446144,0.22864580154418945
49,600,884,285,444992,0.2167515754699707
50,600,847,248,442048,0.22172021865844727
51,600,830,231,438656,0.21021318435668945
52,600,855,256,442752,0.22161054611206055
53,600,888,289,447744,0.22495031356811523
54,600,812,213,436992,0.20249032974243164
55,600,868,269,444864,0.21477365493774414
56,600,892,293,447296,0.22570228576660156
57,600,880,281,445952,0.22551584243774414
58,600,851,252,443264,0.21063542366027832
59,600,858,259,443136,0.2183523178100586
60,600,839,240,438336,0.21023344993591309
61,600,867,268,444352,0.2151179313659668
62,600,862,263,442816,0.21488666534423828
63,600,856,257,441600,0.21666765213012695
64,600,920,321,451008,0.23449921607971191
65,600,856,257,441920,0.21393799781799316
66,600,864,265,443904,0.218611478805542
67,600,850,251,441984,0.21016788482666016
68,600,850,251,443840,0.21486401557922363
69,600,895,296,447808,0.21933555603027344
70,600,869,270,445504,0.21889519691467285
71,600,866,267,443136,0.2160027027130127
72,600,839,240,441344,0.20851516723632812
73,600,845,246,441408,0.21577215194702148
74,600,850,251,442496,0.21945834159851074
75,600,883,284,445056,0.2302999496459961
76,600,829,230,438080,0.206099271774292
77,600,857,258,442176,0.21875
78,600,859,260,442816,0.21647095680236816
79,600,891,292,447232,0.2225348949432373
80,600,842,243,443776,0.2160646915435791
81,600,861,262,444096,0.2159559726715088
82,600,831,232,438912,0.20659852027893066
83,600,861,262,442880,0.2241225242614746
84,600,906,307,448832,0.2263026237487793
85,600,848,249,439360,0.2081005573272705
86,600,856,257,441792,0.21639275550842285
87,600,868,269,443264,0.2176673412322998
88,600,836,237,439872,0.21192026138305664
89,600,854,255,442688,0.21926259994506836
90,600,868,269,444736,0.21619248390197754
91,600,861,262,443520,0.21474742889404297
92,600,850,251,440896,0.21501970291137695
93,600,848,249,444096,0.21316790580749512
94,600,883,284,444800,0.2362227439880371
95,600,854,255,440384,0.209869384765625
96,600,805,206,435136,0.2023146152496338
97,600,857,258,443840,0.21736907958984375
98,600,876,277,443264,0.22948193550109863
99,600,862,263,443648,0.21759510040283203
100,600,835,236,441472,0.21422195434570312
1,700,1032,333,529856,0.3058028221130371
2,700,1059,360,536320,0.3148670196533203
3,700,1042,343,532032,0.3052995204925537
4,700,1015,316,531456,0.29955124855041504
5,700,1019,320,528704,0.2989320755004883
6,700,1034,335,533504,0.3104851245880127
7,700,998,299,525696,0.2945544719696045
8,700,1029,330,532288,0.3026854991912842
9,700,1023,324,530944,0.2985408306121826
10,700,990,291,527232,0.29075098037719727
11,700,986,287,522688,0.2983403205871582
12,700,1016,317,529024,0.30584120750427246
13,700,1042,343,531456,0.3048062324523926
14,700,984,285,525632,0.30440568923950195
15,700,1007,308,526528,0.29675960540771484
16,700,1022,323,528704,0.30123472213745117
17,700,997,298,526720,0.29714012145996094
18,700,1004,305,524672,0.30100536346435547
19,700,1000,301,528448,0.29838109016418457
20,700,1019,320,530880,0.3063011169433594
21,700,1021,322,530944,0.30718994140625
22,700,1022,323,532544,0.3012230396270752
23,700,1032,333,528576,0.30406856536865234
24,700,971,272,521408,0.28609490394592285
25,700,1036,337,530432,0.3073387145996094
26,700,1040,341,531456,0.302018404006958
27,700,992,293,523776,0.2922341823577881
28,700,1001,302,526912,0.29961490631103516
29,700,1011,312,529216,0.29808545112609863
30,700,1046,347,532800,0.31545567512512207
31,700,1041,342,533376,0.30129384994506836
32,700,997,298,526720,0.2920112609863281
33,700,992,293,527104,0.2925264835357666
34,700,1024,325,529920,0.30695366859436035
35,700,1066,367,536448,0.31805419921875
36,700,989,290,524160,0.3039274215698242
37,700,1009,310,525760,0.31299781799316406
38,700,996,297,526016,0.2958989143371582
39,700,1027,328,529600,0.31008052825927734
40,700,1047,348,532032,0.3096301555633545
41,700,1022,323,530048,0.29906606674194336
42,700,976,277,523520,0.28748631477355957
43,700,1013,314,530944,0.30541348457336426
44,700,1001,302,526336,0.2937588691711426
45,700,998,299,524736,0.29491543769836426
46,700,1044,345,532544,0.3107008934020996
47,700,995,296,524480,0.291184663772583
48,700,1011,312,530112,0.29778027534484863
49,700,1000,301,526144,0.2963876724243164
50,700,1022,323,527808,0.2997410297393799
51,700,1016,317,528192,0.29598140716552734
52,700,984,285,527488,0.28912901878356934
53,700,958,259,521600,0.2843596935272217
54,700,989,290,524032,0.2860879898071289
55,700,989,290,526464,0.2913236618041992
56,700,1007,308,525440,0.3018033504486084
57,700,1012,313,528384,0.30147409439086914
58,700,1036,337,530688,0.3014678955078125
59,700,1033,334,529920,0.3079090118408203
60,700,959,260,523200,0.28287744522094727
61,700,1002,303,526144,0.30847668647766113
62,700,1024,325,529088,0.3071780204772949
63,700,969,270,522432,0.28840041160583496
64,700,1013,314,527232,0.30600905418395996
65,700,992,293,526336,0.29631686210632324
66,700,1048,349,533248,0.30895018577575684
67,700,1018,319,527936,0.3057103157043457
68,700,1014,315,527552,0.3013441562652588
69,700,1060,361,534848,0.3143143653869629
70,700,999,300,523776,0.2956199645996094
71,700,1028,329,531264,0.30480504035949707
72,700,1021,322,529216,0.31026506423950195
73,700,1054,355,537024,0.3153085708618164
74,700,999,300,527232,0.30811619758605957
75,700,1057,358,534400,0.32329392433166504
76,700,1019,320,531392,0.3004028797149658
77,700,1031,332,530752,0.31339025497436523
78,700,1036,337,532416,0.3017430305480957
79,700,1055,356,532864,0.3146238327026367
80,700,994,295,526400,0.296673059463501
81,700,986,287,525760,0.2916591167449951
82,700,1030,331,532288,0.3023555278778076
83,700,996,297,524480,0.2971360683441162
84,700,1037,338,529408,0.312028169631958
85,700,988,289,524416,0.2939584255218506
86,700,1017,318,529600,0.3075368404388428
87,700,961,262,518784,0.2841348648071289
88,700,1001,302,529088,0.30030369758605957
89,700,1014,315,528768,0.30179738998413086
90,700,982,283,525568,0.2858002185821533
91,700,997,298,526208,0.2989358901977539
92,700,1029,330,530688,0.3031747341156006
93,700,995,296,524608,0.29589366912841797
94,700,996,297,524864,0.2915463447570801
95,700,1019,320,529536,0.301527738571167
96,700,997,298,526528,0.29615068435668945
97,700,1025,326,531008,0.3016088008880615
98,700,1008,309,527488,0.30763840675354004
99,700,992,293,526656,0.2978200912475586
100,700,1005,306,527168,0.30232739448547363
1,800,1195,396,617216,0.3989863395690918
2,800,1117,318,606016,0.37798547744750977
3,800,1140,341,610176,0.37662577629089355
4,800,1140,341,610368,0.39228010177612305
5,800,1143,344,612224,0.3770444393157959
6,800,1147,348,611200,0.3915433883666992
7,800,1134,335,611392,0.3864130973815918
8,800,1173,374,616320,0.3854990005493164
9,800,1160,361,613440,0.3818347454071045
10,800,1164,365,613632,0.38578057289123535
11,800,1116,317,606528,0.3676612377166748
12,800,1128,329,610816,0.3712780475616455
13,800,1147,348,613312,0.3767726421356201
14,800,1134,335,610816,0.37399983406066895
15,800,1132,333,609344,0.37885069847106934
16,800,1136,337,609984,0.38345861434936523
17,800,1184,385,614976,0.3972742557525635
18,800,1154,355,613248,0.388322114944458
19,800,1114,315,607936,0.3810102939605713
20,800,1142,343,612416,0.3821861743927002
21,800,1171,372,615360,0.390700101852417
22,800,1123,324,611456,0.37576961517333984
23,800,1153,354,613120,0.40246033668518066
24,800,1168,369,615552,0.39626383781433105
25,800,1180,381,618240,0.3955717086791992
26,800,1123,324,610240,0.37409234046936035
27,800,1194,395,620288,0.40787410736083984
28,800,1182,383,616768,0.3957483768463135
29,800,1222,423,622208,0.4194514751434326
30,800,1157,358,613120,0.3883540630340576
31,800,1126,327,610816,0.39452099800109863
32,800,1165,366,611200,0.38746047019958496
33,800,1173,374,617920,0.38706040382385254
34,800,1149,350,615040,0.3831052780151367
35,800,1132,333,609600,0.38375329971313477
36,800,1113,314,605056,0.37589263916015625
37,800,1194,395,617216,0.41346001625061035
38,800,1113,314,610880,0.3748633861541748
39,800,1189,390,619264,0.3905348777770996
40,800,1142,343,613120,0.3828303813934326
41,800,1166,367,615808,0.3968064785003662
42,800,1124,325,608512,0.37702417373657227
43,800,1120,321,607744,0.37717580795288086
44,800,1138,339,610688,0.385113000869751
45,800,1213,414,622400,0.4075157642364502
46,800,1168,369,613696,0.39810729026794434
47,800,1178,379,617280,0.39240288734436035
48,800,1157,358,612544,0.3883392810821533
49,800,1159,360,615168,0.40436244010925293
50,800,1164,365,615616,0.398052453994751
51,800,1180,381,618688,0.4028205871582031
52,800,1189,390,615296,0.40470361709594727
53,800,1105,306,605248,0.3725595474243164
54,800,1158,359,612736,0.3875424861907959
55,800,1170,371,615808,0.39987611770629883
56,800,1123,324,611200,0.38103747367858887
57,800,1116,317,607296,0.37650632858276367
58,800,1141,342,610880,0.3855619430541992
59,800,1160,361,613952,0.382800817489624
60,800,1136,337,611456,0.37804651260375977
61,800,1145,346,612032,0.385547399520874
62,800,1148,349,614528,0.3843867778778076
63,800,1163,364,616192,0.3838193416595459
64,800,1151,352,613760,0.38608717918395996
65,800,1147,348,610304,0.39528703689575195
66,800,1170,371,618048,0.3914449214935303
67,800,1173,374,615680,0.4052870273590088
68,800,1129,330,607488,0.37955355644226074
69,800,1196,397,618880,0.40317678451538086
70,800,1166,367,616576,0.3888211250305176
71,800,1149,350,613824,0.3882174491882324
72,800,1145,346,609856,0.38378262519836426
73,800,1142,343,612224,0.3856654167175293
74,800,1138,339,610944,0.376678466796875
75,800,1137,338,611520,0.3805816173553467
76,800,1139,340,608576,0.38251614570617676
77,800,1106,307,607808,0.381267786026001
78,800,1151,352,610944,0.3999595642089844
79,800,1152,353,614656,0.39072227478027344
80,800,1165,366,614400,0.41309142112731934
81,800,1138,339,612352,0.39031386375427246
82,800,1135,336,609728,0.3820192813873291
83,800,1117,318,608704,0.37688684463500977
84,800,1188,389,617792,0.4089953899383545
85,800,1141,342,610496,0.38170957565307617
86,800,1201,402,622720,0.41587352752685547
87,800,1160,361,611648,0.38745903968811035
88,800,1193,394,616320,0.3980123996734619
89,800,1129,330,611776,0.38134074211120605
90,800,1124,325,609664,0.3805878162384033
91,800,1196,397,620928,0.4098954200744629
92,800,1150,351,612992,0.39352893829345703
93,800,1130,331,609152,0.3771946430206299
94,800,1132,333,610432,0.37578558921813965
95,800,1199,400,619520,0.4051210880279541
96,800,1142,343,613440,0.3840782642364502
97,800,1146,347,610880,0.38874030113220215
98,800,1142,343,612352,0.3920440673828125
99,800,1160,361,614208,0.4007573127746582
100,800,1139,340,611328,0.38741111755371094
1,900,1268,369,695168,0.4914417266845703
2,900,1226,327,690304,0.46518588066101074
3,900,1348,449,710144,0.5277454853057861
4,900,1304,405,700864,0.5027761459350586
5,900,1257,358,695040,0.48620080947875977
6,900,1279,380,699456,0.4882206916809082
7,900,1287,388,699200,0.49506664276123047
8,900,1281,382,697024,0.4850342273712158
9,900,1295,396,698880,0.49872899055480957
10,900,1344,445,706816,0.5135786533355713
11,900,1252,353,692288,0.48411989212036133
12,900,1300,401,699328,0.4982876777648926
13,900,1286,387,696128,0.4889252185821533
14,900,1267,368,695168,0.46915149688720703
15,900,1297,398,698240,0.5024464130401611
16,900,1322,423,701632,0.4939584732055664
17,900,1274,375,695552,0.48998212814331055
18,900,1301,402,701248,0.49083566665649414
19,900,1283,384,698176,0.4783310890197754
20,900,1312,413,699264,0.4874420166015625
21,900,1329,430,705856,0.5151269435882568
22,900,1265,366,694400,0.47579121589660645
23,900,1287,388,697280,0.4954996109008789
24,900,1338,439,705088,0.5106105804443359
25,900,1321,422,703040,0.5030984878540039
26,900,1307,408,698752,0.5073294639587402
27,900,1264,365,695040,0.48513221740722656
28,900,1313,414,709056,0.5213053226470947
29,900,1307,408,700544,0.5104811191558838
30,900,1315,416,702528,0.5224571228027344
31,900,1346,447,704320,0.5148055553436279
32,900,1268,369,695232,0.4947648048400879
33,900,1324,425,703744,0.5116391181945801
34,900,1296,397,700608,0.5067691802978516
35,900,1310,411,703616,0.5040640830993652
36,900,1275,376,698560,0.49001097679138184
37,900,1337,438,701824,0.5124351978302002
38,900,1327,428,703552,0.5135612487792969
39,900,1319,420,703232,0.505357027053833
40,900,1279,380,699072,0.49448537826538086
41,900,1279,380,701312,0.487886905670166
42,900,1291,392,700864,0.494673490524292
43,900,1321,422,702336,0.5069336891174316
44,900,1294,395,698752,0.5002179145812988
45,900,1305,406,700800,0.513561487197876
46,900,1304,405,700864,0.5081996917724609
47,900,1287,388,696832,0.4891386032104492
48,900,1302,403,700096,0.4943826198577881
49,900,1335,436,704064,0.5181457996368408
50,900,1353,454,707776,0.516218900680542
51,900,1323,424,702208,0.5018172264099121
52,900,1291,392,695872,0.48485803604125977
53,900,1237,338,690112,0.48137903213500977
54,900,1297,398,697728,0.4921243190765381
55,900,1333,434,703168,0.5118064880371094
56,900,1312,413,701312,0.5014135837554932
57,900,1259,360,696064,0.48365283012390137
58,900,1278,379,699712,0.490358829498291
59,900,1271,372,694592,0.4923563003540039
60,900,1338,439,704384,0.5135142803192139
61,900,1241,342,691712,0.4734840393066406
62,900,1298,399,697920,0.5002889633178711
63,900,1296,397,698496,0.5088999271392822
64,900,1377,478,709568,0.5240740776062012
65,900,1271,372,693184,0.4951643943786621
66,900,1360,461,707520,0.5160133838653564
67,900,1273,374,698048,0.4786875247955322
68,900,1299,400,701312,0.4809560775756836
69,900,1297,398,699072,0.495959997177124
70,900,1285,386,696128,0.4834139347076416
71,900,1321,422,700736,0.4947543144226074
72,900,1330,431,702464,0.5101151466369629
73,900,1292,393,698560,0.4897136688232422
74,900,1308,409,703232,0.49129533767700195
75,900,1317,418,699584,0.4963877201080322
76,900,1315,416,699008,0.484921932220459
77,900,1254,355,691328,0.46672749519348145
78,900,1264,365,692672,0.4670264720916748
79,900,1273,374,699328,0.47008776664733887
80,900,1294,395,701312,0.4841136932373047
81,900,1268,369,696256,0.49333739280700684
82,900,1274,375,697024,0.4847836494445801
83,900,1254,355,691840,0.4808511734008789
84,900,1313,414,699584,0.48578500747680664
85,900,1271,372,693568,0.4964103698730469
86,900,1297,398,698112,0.47766923904418945
87,900,1292,393,700800,0.4912712574005127
88,900,1269,370,694080,0.4758331775665283
89,900,1300,401,698304,0.48210740089416504
90,900,1304,405,699968,0.4887547492980957
91,900,1296,397,698432,0.5065188407897949
92,900,1262,363,697088,0.47606849670410156
93,900,1304,405,702912,0.4964711666107178
94,900,1310,411,702656,0.5009706020355225
95,900,1304,405,699072,0.49417901039123535
96,900,1286,387,699200,0.5116531848907471
97,900,1270,371,696960,0.4873466491699219
98,900,1314,415,703424,0.49779844284057617
99,900,1286,387,697664,0.4871859550476074
100,900,1325,426,701568,0.49531054496765137
1,1000,1387,388,779968,0.5724995136260986
2,1000,1468,469,789952,0.6213293075561523
3,1000,1435,436,782208,0.6070876121520996
4,1000,1402,403,782592,0.6040844917297363
5,1000,1436,437,786752,0.588773250579834
6,1000,1460,461,789248,0.6126971244812012
7,1000,1430,431,786624,0.6019997596740723
8,1000,1462,463,792896,0.6234767436981201
9,1000,1417,418,782016,0.6007122993469238
10,1000,1426,427,786432,0.6185591220855713
11,1000,1448,449,788352,0.6209292411804199
12,1000,1441,442,785920,0.6307878494262695
13,1000,1460,461,789824,0.6196455955505371
14,1000,1447,448,788544,0.6268208026885986
15,1000,1455,456,786944,0.6582224369049072
16,1000,1429,430,783488,0.6502420902252197
17,1000,1478,479,793088,0.6638433933258057
18,1000,1438,439,786432,0.6452081203460693
19,1000,1460,461,791936,0.6423449516296387
20,1000,1440,441,786688,0.6521956920623779
21,1000,1483,484,791040,0.6619460582733154
22,1000,1457,458,789248,0.6657199859619141
23,1000,1464,465,791168,0.6219799518585205
24,1000,1493,494,794624,0.6416223049163818
25,1000,1464,465,789248,0.6343204975128174
26,1000,1484,485,793920,0.664337158203125
27,1000,1466,467,793344,0.612647533416748
28,1000,1476,477,790336,0.6472880840301514
29,1000,1415,416,783552,0.6154122352600098
30,1000,1406,407,786176,0.6051955223083496
31,1000,1427,428,783872,0.6239638328552246
32,1000,1459,460,789632,0.6192188262939453
33,1000,1405,406,780352,0.5890178680419922
34,1000,1466,467,790976,0.6339805126190186
35,1000,1434,435,789312,0.5907111167907715
36,1000,1459,460,790400,0.6166956424713135
37,1000,1463,464,788672,0.6264450550079346
38,1000,1410,411,781056,0.6068944931030273
39,1000,1441,442,783424,0.6066854000091553
40,1000,1481,482,792192,0.6273722648620605
41,1000,1403,404,784448,0.5942254066467285
42,1000,1429,430,788800,0.6206426620483398
43,1000,1438,439,785280,0.6198647022247314
44,1000,1468,469,793984,0.6210744380950928
45,1000,1428,429,785280,0.6062943935394287
46,1000,1473,474,791488,0.6413064002990723
47,1000,1415,416,784832,0.5909023284912109
48,1000,1395,396,780736,0.5928266048431396
49,1000,1466,467,789504,0.6111645698547363
50,1000,1477,478,791040,0.6330447196960449
51,1000,1448,449,790464,0.6119983196258545
52,1000,1473,474,790720,0.6471126079559326
53,1000,1437,438,786624,0.6075153350830078
54,1000,1453,454,788224,0.6209585666656494
55,1000,1452,453,787264,0.6287322044372559
56,1000,1421,422,785984,0.6287775039672852
57,1000,1459,460,790848,0.618518590927124
58,1000,1401,402,784960,0.6011855602264404
59,1000,1439,440,787072,0.6172201633453369
60,1000,1420,421,784128,0.6108222007751465
61,1000,1391,392,779456,0.587841272354126
62,1000,1456,457,790528,0.6260645389556885
63,1000,1441,442,789248,0.6259582042694092
64,1000,1406,407,784256,0.6001431941986084
65,1000,1449,450,788480,0.6266388893127441
66,1000,1422,423,783104,0.6058344841003418
67,1000,1478,479,790528,0.6352558135986328
68,1000,1423,424,784256,0.6093862056732178
69,1000,1426,427,785408,0.6113235950469971
70,1000,1415,416,781184,0.6031558513641357
71,1000,1422,423,783872,0.5996761322021484
72,1000,1430,431,785088,0.6159529685974121
73,1000,1445,446,787904,0.6196465492248535
74,1000,1410,411,781888,0.5878276824951172
75,1000,1447,448,788480,0.598397970199585
76,1000,1425,426,784896,0.6127943992614746
77,1000,1459,460,788480,0.5938785076141357
78,1000,1441,442,785472,0.6032941341400146
79,1000,1441,442,787520,0.6033499240875244
80,1000,1434,435,785344,0.6073167324066162
81,1000,1462,463,789376,0.6199238300323486
82,1000,1392,393,781312,0.5878839492797852
83,1000,1410,411,784448,0.5885510444641113
84,1000,1494,495,795264,0.6244146823883057
85,1000,1439,440,788224,0.5939867496490479
86,1000,1448,449,790528,0.6012599468231201
87,1000,1473,474,792064,0.6057934761047363
88,1000,1420,421,784896,0.6098005771636963
89,1000,1431,432,786240,0.5936670303344727
90,1000,1447,448,787328,0.6279351711273193
91,1000,1470,471,788416,0.6049563884735107
92,1000,1475,476,787520,0.638939380645752
93,1000,1443,444,785280,0.6026656627655029
94,1000,1491,492,795968,0.6322309970855713
95,1000,1416,417,783168,0.585507869720459
96,1000,1436,437,788736,0.6145689487457275
97,1000,1414,415,784640,0.5833117961883545
98,1000,1410,411,783616,0.5843617916107178
99,1000,1423,424,783872,0.5761609077453613
100,1000,1471,472,788480,0.6246395111083984
